Workbook
Name GENERAL: '276 - SETIEMBRE 16-09-2021'!$I$2:$AT$262

Sheet 276 - SETIEMBRE 16-09-2021
B1: MESES PROYECCION | D1: 1 | E1: VACANTE | H1: N° GRATIFICACION | J1: 1 | M1: ESCOLARIDAD | O1: NO | AL1: 0.09 | AM1: 0.0675
A2: Nº | B2: CODI_EMPL_,C,8 | C2: DNI,C,8 | D2: NOMB_CORT_,C,50 | E2: FECHA DE INGRESO | F2: CARGO TITULAR | G2: TITULAR/PROV | H2: EPS,C,150 | I2: META | J2: CARGO PEA | K2: CARGO COMP | L2: NIVEL,C,55 | M2: MONTO,N,17,2 | N2: ESTADO | O2: HABERES | P2: TOTAL HABERES | Q2: CLAS. H | R2: BENEF. EXTR | S2: TOTAL BEN. EX | T2: CLAS.BE | U2: BONO FISCAL | V2: TOTAL BONO FISCAL | W2: CLAS.BF | X2: G.O | Y2: TOTAL G.O. | Z2: CLAS.G.O | AA2: 25% RETARDO | AB2: TOTAL 25% | AC2: CLAS. | AD2: AGUINALDOS | AE2: TOTAL AGUI | AF2: CLAS AGU | AG2: CAFAE | AH2: TOTAL CAFAE | AI2: CLAS. CAFAE | AJ2: ESCOLARIDAD | AK2: CLASIF | AL2: ESSALUD 9% | AM2: TOTAL ESSALUD 9% | AN2: CLS ES 9% | AO2: EPS 2.25% | AP2: TOTAL EPS 2.25% | AQ2: CLS 2.25% | AR2: FPENSI 6% | AS2: TOTAL FONDP 6% | AT2: CLS 6% | AV2: TOTAL | AW2: TOTAL + ESSSALUD
A3: 1 | P3: =ROUND(O3*$D$1,2) -> 0 | S3: =ROUND(R3*$D$1,2) -> 0 | AE3: =ROUND(AD3*$J$1,2) -> 0 | AH3: =ROUND(AG3*$D$1,2) -> 0 | AJ3: =IF($O$1="SI",400,0) -> 0 | AK3: 2.1.1.9.1.3 | AL3: =IF(H3="RIMAC EPS EMPRESA PRESTADORA DE SALUD",O3*0.0675,O3*0.09) -> 0 | AM3: =ROUND(AL3*$D$1,2) -> 0 | AN3: 2.1. 3 1. 1 5 | AO3: =IF(H3="RIMAC EPS EMPRESA PRESTADORA DE SALUD",O3*0.0225,O3*0) -> 0 | AV3: =P3+S3+V3+Y3+AB3+AE3+AH3+AJ3 -> 0 | AW3: =AV3+AM3+AP3+AS3 -> 0
A4: 2 | P4: =ROUND(O4*$D$1,2) -> 0 | V4: =ROUND(U4*$D$1,2) -> 0 | Y4: =ROUND(X4*$D$1,2) -> 0 | AE4: =ROUND(AD4*$J$1,2) -> 0 | AJ4: =IF($O$1="SI",400,0) -> 0 | AK4: 2.1.1.9.1.3 | AL4: =IF(H4="RIMAC EPS EMPRESA PRESTADORA DE SALUD",O4*0.0675,O4*0.09) -> 0 | AM4: =ROUND(AL4*$D$1,2) -> 0 | AN4: 2.1. 3 1. 1 5 | AO4: =IF(H4="RIMAC EPS EMPRESA PRESTADORA DE SALUD",O4*0.0225,O4*0) -> 0 | AP4: =ROUND(AO4*$D$1,2) -> 0 | AV4: =P4+S4+V4+Y4+AB4+AE4+AH4+AJ4 -> 0 | AW4: =AV4+AM4+AP4+AS4 -> 0
A5: 3 | P5: =ROUND(O5*$D$1,2) -> 0 | V5: =ROUND(U5*$D$1,2) -> 0 | Y5: =ROUND(X5*$D$1,2) -> 0 | AE5: =ROUND(AD5*$J$1,2) -> 0 | AJ5: =IF($O$1="SI",400,0) -> 0 | AK5: 2.1.1.9.1.3 | AL5: =IF(H5="RIMAC EPS EMPRESA PRESTADORA DE SALUD",O5*0.0675,O5*0.09) -> 0 | AM5: =ROUND(AL5*$D$1,2) -> 0 | AN5: 2.1. 3 1. 1 5 | AO5: =IF(H5="RIMAC EPS EMPRESA PRESTADORA DE SALUD",O5*0.0225,O5*0) -> 0 | AV5: =P5+S5+V5+Y5+AB5+AE5+AH5+AJ5 -> 0 | AW5: =AV5+AM5+AP5+AS5 -> 0
A6: 4 | P6: =ROUND(O6*$D$1,2) -> 0 | S6: =ROUND(R6*$D$1,2) -> 0 | AE6: =ROUND(AD6*$J$1,2) -> 0 | AH6: =ROUND(AG6*$D$1,2) -> 0 | AJ6: =IF($O$1="SI",400,0) -> 0 | AK6: 2.1.1.9.1.3 | AL6: =IF(H6="RIMAC EPS EMPRESA PRESTADORA DE SALUD",O6*0.0675,O6*0.09) -> 0 | AM6: =ROUND(AL6*$D$1,2) -> 0 | AN6: 2.1. 3 1. 1 5 | AO6: =IF(H6="RIMAC EPS EMPRESA PRESTADORA DE SALUD",O6*0.0225,O6*0) -> 0 | AV6: =P6+S6+V6+Y6+AB6+AE6+AH6+AJ6 -> 0 | AW6: =AV6+AM6+AP6+AS6 -> 0
A7: 5 | P7: =ROUND(O7*$D$1,2) -> 0 | V7: =ROUND(U7*$D$1,2) -> 0 | Y7: =ROUND(X7*$D$1,2) -> 0 | AE7: =ROUND(AD7*$J$1,2) -> 0 | AJ7: =IF($O$1="SI",400,0) -> 0 | AK7: 2.1.1.9.1.3 | AL7: =IF(H7="RIMAC EPS EMPRESA PRESTADORA DE SALUD",O7*0.0675,O7*0.09) -> 0 | AM7: =ROUND(AL7*$D$1,2) -> 0 | AN7: 2.1. 3 1. 1 5 | AO7: =IF(H7="RIMAC EPS EMPRESA PRESTADORA DE SALUD",O7*0.0225,O7*0) -> 0 | AP7: =ROUND(AO7*$D$1,2) -> 0 | AV7: =P7+S7+V7+Y7+AB7+AE7+AH7+AJ7 -> 0 | AW7: =AV7+AM7+AP7+AS7 -> 0
A8: 6 | P8: =ROUND(O8*$D$1,2) -> 0 | S8: =ROUND(R8*$D$1,2) -> 0 | AE8: =ROUND(AD8*$J$1,2) -> 0 | AH8: =ROUND(AG8*$D$1,2) -> 0 | AJ8: =IF($O$1="SI",400,0) -> 0 | AK8: 2.1.1.9.1.3 | AL8: =IF(H8="RIMAC EPS EMPRESA PRESTADORA DE SALUD",O8*0.0675,O8*0.09) -> 0 | AM8: =ROUND(AL8*$D$1,2) -> 0 | AN8: 2.1. 3 1. 1 5 | AO8: =IF(H8="RIMAC EPS EMPRESA PRESTADORA DE SALUD",O8*0.0225,O8*0) -> 0 | AV8: =P8+S8+V8+Y8+AB8+AE8+AH8+AJ8 -> 0 | AW8: =AV8+AM8+AP8+AS8 -> 0
A9: 7 | P9: =ROUND(O9*$D$1,2) -> 0 | V9: =ROUND(U9*$D$1,2) -> 0 | Y9: =ROUND(X9*$D$1,2) -> 0 | AE9: =ROUND(AD9*$J$1,2) -> 0 | AJ9: =IF($O$1="SI",400,0) -> 0 | AK9: 2.1.1.9.1.3 | AL9: =IF(H9="RIMAC EPS EMPRESA PRESTADORA DE SALUD",O9*0.0675,O9*0.09) -> 0 | AM9: =ROUND(AL9*$D$1,2) -> 0 | AN9: 2.1. 3 1. 1 5 | AO9: =IF(H9="RIMAC EPS EMPRESA PRESTADORA DE SALUD",O9*0.0225,O9*0) -> 0 | AV9: =P9+S9+V9+Y9+AB9+AE9+AH9+AJ9 -> 0 | AW9: =AV9+AM9+AP9+AS9 -> 0
A10: 8 | P10: =ROUND(O10*$D$1,2) -> 0 | V10: =ROUND(U10*$D$1,2) -> 0 | Y10: =ROUND(X10*$D$1,2) -> 0 | AE10: =ROUND(AD10*$J$1,2) -> 0 | AJ10: =IF($O$1="SI",400,0) -> 0 | AK10: 2.1.1.9.1.3 | AL10: =IF(H10="RIMAC EPS EMPRESA PRESTADORA DE SALUD",O10*0.0675,O10*0.09) -> 0 | AM10: =ROUND(AL10*$D$1,2) -> 0 | AN10: 2.1. 3 1. 1 5 | AO10: =IF(H10="RIMAC EPS EMPRESA PRESTADORA DE SALUD",O10*0.0225,O10*0) -> 0 | AV10: =P10+S10+V10+Y10+AB10+AE10+AH10+AJ10 -> 0 | AW10: =AV10+AM10+AP10+AS10 -> 0
A11: 9 | P11: =ROUND(O11*$D$1,2) -> 0 | V11: =ROUND(U11*$D$1,2) -> 0 | Y11: =ROUND(X11*$D$1,2) -> 0 | AE11: =ROUND(AD11*$J$1,2) -> 0 | AJ11: =IF($O$1="SI",400,0) -> 0 | AK11: 2.1.1.9.1.3 | AL11: =IF(H11="RIMAC EPS EMPRESA PRESTADORA DE SALUD",O11*0.0675,O11*0.09) -> 0 | AM11: =ROUND(AL11*$D$1,2) -> 0 | AN11: 2.1. 3 1. 1 5 | AO11: =IF(H11="RIMAC EPS EMPRESA PRESTADORA DE SALUD",O11*0.0225,O11*0) -> 0 | AP11: =ROUND(AO11*$D$1,2) -> 0 | AV11: =P11+S11+V11+Y11+AB11+AE11+AH11+AJ11 -> 0 | AW11: =AV11+AM11+AP11+AS11 -> 0
A12: 10 | P12: =ROUND(O12*$D$1,2) -> 0 | V12: =ROUND(U12*$D$1,2) -> 0 | Y12: =ROUND(X12*$D$1,2) -> 0 | AE12: =ROUND(AD12*$J$1,2) -> 0 | AJ12: =IF($O$1="SI",400,0) -> 0 | AK12: 2.1.1.9.1.3 | AL12: =IF(H12="RIMAC EPS EMPRESA PRESTADORA DE SALUD",O12*0.0675,O12*0.09) -> 0 | AM12: =ROUND(AL12*$D$1,2) -> 0 | AN12: 2.1. 3 1. 1 5 | AO12: =IF(H12="RIMAC EPS EMPRESA PRESTADORA DE SALUD",O12*0.0225,O12*0) -> 0 | AV12: =P12+S12+V12+Y12+AB12+AE12+AH12+AJ12 -> 0 | AW12: =AV12+AM12+AP12+AS12 -> 0
A13: 11 | P13: =ROUND(O13*$D$1,2) -> 0 | V13: =ROUND(U13*$D$1,2) -> 0 | Y13: =ROUND(X13*$D$1,2) -> 0 | AE13: =ROUND(AD13*$J$1,2) -> 0 | AJ13: =IF($O$1="SI",400,0) -> 0 | AK13: 2.1.1.9.1.3 | AL13: =IF(H13="RIMAC EPS EMPRESA PRESTADORA DE SALUD",O13*0.0675,O13*0.09) -> 0 | AM13: =ROUND(AL13*$D$1,2) -> 0 | AN13: 2.1. 3 1. 1 5 | AO13: =IF(H13="RIMAC EPS EMPRESA PRESTADORA DE SALUD",O13*0.0225,O13*0) -> 0 | AV13: =P13+S13+V13+Y13+AB13+AE13+AH13+AJ13 -> 0 | AW13: =AV13+AM13+AP13+AS13 -> 0
A14: 12 | P14: =ROUND(O14*$D$1,2) -> 0 | V14: =ROUND(U14*$D$1,2) -> 0 | Y14: =ROUND(X14*$D$1,2) -> 0 | AE14: =ROUND(AD14*$J$1,2) -> 0 | AJ14: =IF($O$1="SI",400,0) -> 0 | AK14: 2.1.1.9.1.3 | AL14: =IF(H14="RIMAC EPS EMPRESA PRESTADORA DE SALUD",O14*0.0675,O14*0.09) -> 0 | AM14: =ROUND(AL14*$D$1,2) -> 0 | AN14: 2.1. 3 1. 1 5 | AO14: =IF(H14="RIMAC EPS EMPRESA PRESTADORA DE SALUD",O14*0.0225,O14*0) -> 0 | AV14: =P14+S14+V14+Y14+AB14+AE14+AH14+AJ14 -> 0 | AW14: =AV14+AM14+AP14+AS14 -> 0
A15: 13 | P15: =ROUND(O15*$D$1,2) -> 0 | V15: =ROUND(U15*$D$1,2) -> 0 | Y15: =ROUND(X15*$D$1,2) -> 0 | AE15: =ROUND(AD15*$J$1,2) -> 0 | AJ15: =IF($O$1="SI",400,0) -> 0 | AK15: 2.1.1.9.1.3 | AL15: =IF(H15="RIMAC EPS EMPRESA PRESTADORA DE SALUD",O15*0.0675,O15*0.09) -> 0 | AM15: =ROUND(AL15*$D$1,2) -> 0 | AN15: 2.1. 3 1. 1 5 | AO15: =IF(H15="RIMAC EPS EMPRESA PRESTADORA DE SALUD",O15*0.0225,O15*0) -> 0 | AV15: =P15+S15+V15+Y15+AB15+AE15+AH15+AJ15 -> 0 | AW15: =AV15+AM15+AP15+AS15 -> 0
A16: 14 | P16: =ROUND(O16*$D$1,2) -> 0 | V16: =ROUND(U16*$D$1,2) -> 0 | Y16: =ROUND(X16*$D$1,2) -> 0 | AB16: =ROUND(AA16*$D$1,2) -> 0 | AE16: =ROUND(AD16*$J$1,2) -> 0 | AJ16: =IF($O$1="SI",400,0) -> 0 | AK16: 2.1.1.9.1.3 | AL16: =IF(H16="RIMAC EPS EMPRESA PRESTADORA DE SALUD",O16*0.0675,O16*0.09) -> 0 | AM16: =ROUND(AL16*$D$1,2) -> 0 | AN16: 2.1. 3 1. 1 5 | AO16: =IF(H16="RIMAC EPS EMPRESA PRESTADORA DE SALUD",O16*0.0225,O16*0) -> 0 | AV16: =P16+S16+V16+Y16+AB16+AE16+AH16+AJ16 -> 0 | AW16: =AV16+AM16+AP16+AS16 -> 0
A17: 15 | P17: =ROUND(O17*$D$1,2) -> 0 | V17: =ROUND(U17*$D$1,2) -> 0 | Y17: =ROUND(X17*$D$1,2) -> 0 | AB17: =ROUND(AA17*$D$1,2) -> 0 | AE17: =ROUND(AD17*$J$1,2) -> 0 | AJ17: =IF($O$1="SI",400,0) -> 0 | AK17: 2.1.1.9.1.3 | AL17: =IF(H17="RIMAC EPS EMPRESA PRESTADORA DE SALUD",O17*0.0675,O17*0.09) -> 0 | AM17: =ROUND(AL17*$D$1,2) -> 0 | AN17: 2.1. 3 1. 1 5 | AO17: =IF(H17="RIMAC EPS EMPRESA PRESTADORA DE SALUD",O17*0.0225,O17*0) -> 0 | AV17: =P17+S17+V17+Y17+AB17+AE17+AH17+AJ17 -> 0 | AW17: =AV17+AM17+AP17+AS17 -> 0
A18: 16 | P18: =ROUND(O18*$D$1,2) -> 0 | V18: =ROUND(U18*$D$1,2) -> 0 | Y18: =ROUND(X18*$D$1,2) -> 0 | AE18: =ROUND(AD18*$J$1,2) -> 0 | AJ18: =IF($O$1="SI",400,0) -> 0 | AK18: 2.1.1.9.1.3 | AL18: =IF(H18="RIMAC EPS EMPRESA PRESTADORA DE SALUD",O18*0.0675,O18*0.09) -> 0 | AM18: =ROUND(AL18*$D$1,2) -> 0 | AN18: 2.1. 3 1. 1 5 | AO18: =IF(H18="RIMAC EPS EMPRESA PRESTADORA DE SALUD",O18*0.0225,O18*0) -> 0 | AP18: =ROUND(AO18*$D$1,2) -> 0 | AV18: =P18+S18+V18+Y18+AB18+AE18+AH18+AJ18 -> 0 | AW18: =AV18+AM18+AP18+AS18 -> 0
A19: 17 | P19: =ROUND(O19*$D$1,2) -> 0 | V19: =ROUND(U19*$D$1,2) -> 0 | Y19: =ROUND(X19*$D$1,2) -> 0 | AE19: =ROUND(AD19*$J$1,2) -> 0 | AJ19: =IF($O$1="SI",400,0) -> 0 | AK19: 2.1.1.9.1.3 | AL19: =IF(H19="RIMAC EPS EMPRESA PRESTADORA DE SALUD",O19*0.0675,O19*0.09) -> 0 | AM19: =ROUND(AL19*$D$1,2) -> 0 | AN19: 2.1. 3 1. 1 5 | AO19: =IF(H19="RIMAC EPS EMPRESA PRESTADORA DE SALUD",O19*0.0225,O19*0) -> 0 | AV19: =P19+S19+V19+Y19+AB19+AE19+AH19+AJ19 -> 0 | AW19: =AV19+AM19+AP19+AS19 -> 0
A20: 18 | P20: =ROUND(O20*$D$1,2) -> 0 | V20: =ROUND(U20*$D$1,2) -> 0 | Y20: =ROUND(X20*$D$1,2) -> 0 | AE20: =ROUND(AD20*$J$1,2) -> 0 | AJ20: =IF($O$1="SI",400,0) -> 0 | AK20: 2.1.1.9.1.3 | AL20: =IF(H20="RIMAC EPS EMPRESA PRESTADORA DE SALUD",O20*0.0675,O20*0.09) -> 0 | AM20: =ROUND(AL20*$D$1,2) -> 0 | AN20: 2.1. 3 1. 1 5 | AO20: =IF(H20="RIMAC EPS EMPRESA PRESTADORA DE SALUD",O20*0.0225,O20*0) -> 0 | AV20: =P20+S20+V20+Y20+AB20+AE20+AH20+AJ20 -> 0 | AW20: =AV20+AM20+AP20+AS20 -> 0
A21: 19 | P21: =ROUND(O21*$D$1,2) -> 0 | V21: =ROUND(U21*$D$1,2) -> 0 | Y21: =ROUND(X21*$D$1,2) -> 0 | AE21: =ROUND(AD21*$J$1,2) -> 0 | AJ21: =IF($O$1="SI",400,0) -> 0 | AK21: 2.1.1.9.1.3 | AL21: =IF(H21="RIMAC EPS EMPRESA PRESTADORA DE SALUD",O21*0.0675,O21*0.09) -> 0 | AM21: =ROUND(AL21*$D$1,2) -> 0 | AN21: 2.1. 3 1. 1 5 | AO21: =IF(H21="RIMAC EPS EMPRESA PRESTADORA DE SALUD",O21*0.0225,O21*0) -> 0 | AP21: =ROUND(AO21*$D$1,2) -> 0 | AV21: =P21+S21+V21+Y21+AB21+AE21+AH21+AJ21 -> 0 | AW21: =AV21+AM21+AP21+AS21 -> 0
A22: 20 | P22: =ROUND(O22*$D$1,2) -> 0 | V22: =ROUND(U22*$D$1,2) -> 0 | Y22: =ROUND(X22*$D$1,2) -> 0 | AE22: =ROUND(AD22*$J$1,2) -> 0 | AJ22: =IF($O$1="SI",400,0) -> 0 | AK22: 2.1.1.9.1.3 | AL22: =IF(H22="RIMAC EPS EMPRESA PRESTADORA DE SALUD",O22*0.0675,O22*0.09) -> 0 | AM22: =ROUND(AL22*$D$1,2) -> 0 | AN22: 2.1. 3 1. 1 5 | AO22: =IF(H22="RIMAC EPS EMPRESA PRESTADORA DE SALUD",O22*0.0225,O22*0) -> 0 | AV22: =P22+S22+V22+Y22+AB22+AE22+AH22+AJ22 -> 0 | AW22: =AV22+AM22+AP22+AS22 -> 0
A23: 21 | P23: =ROUND(O23*$D$1,2) -> 0 | V23: =ROUND(U23*$D$1,2) -> 0 | Y23: =ROUND(X23*$D$1,2) -> 0 | AE23: =ROUND(AD23*$J$1,2) -> 0 | AJ23: =IF($O$1="SI",400,0) -> 0 | AK23: 2.1.1.9.1.3 | AL23: =IF(H23="RIMAC EPS EMPRESA PRESTADORA DE SALUD",O23*0.0675,O23*0.09) -> 0 | AM23: =ROUND(AL23*$D$1,2) -> 0 | AN23: 2.1. 3 1. 1 5 | AO23: =IF(H23="RIMAC EPS EMPRESA PRESTADORA DE SALUD",O23*0.0225,O23*0) -> 0 | AV23: =P23+S23+V23+Y23+AB23+AE23+AH23+AJ23 -> 0 | AW23: =AV23+AM23+AP23+AS23 -> 0
A24: 22 | P24: =ROUND(O24*$D$1,2) -> 0 | V24: =ROUND(U24*$D$1,2) -> 0 | Y24: =ROUND(X24*$D$1,2) -> 0 | AE24: =ROUND(AD24*$J$1,2) -> 0 | AJ24: =IF($O$1="SI",400,0) -> 0 | AK24: 2.1.1.9.1.3 | AL24: =IF(H24="RIMAC EPS EMPRESA PRESTADORA DE SALUD",O24*0.0675,O24*0.09) -> 0 | AM24: =ROUND(AL24*$D$1,2) -> 0 | AN24: 2.1. 3 1. 1 5 | AO24: =IF(H24="RIMAC EPS EMPRESA PRESTADORA DE SALUD",O24*0.0225,O24*0) -> 0 | AV24: =P24+S24+V24+Y24+AB24+AE24+AH24+AJ24 -> 0 | AW24: =AV24+AM24+AP24+AS24 -> 0
A25: 23 | P25: =ROUND(O25*$D$1,2) -> 0 | V25: =ROUND(U25*$D$1,2) -> 0 | Y25: =ROUND(X25*$D$1,2) -> 0 | AE25: =ROUND(AD25*$J$1,2) -> 0 | AJ25: =IF($O$1="SI",400,0) -> 0 | AK25: 2.1.1.9.1.3 | AL25: =IF(H25="RIMAC EPS EMPRESA PRESTADORA DE SALUD",O25*0.0675,O25*0.09) -> 0 | AM25: =ROUND(AL25*$D$1,2) -> 0 | AN25: 2.1. 3 1. 1 5 | AO25: =IF(H25="RIMAC EPS EMPRESA PRESTADORA DE SALUD",O25*0.0225,O25*0) -> 0 | AP25: =ROUND(AO25*$D$1,2) -> 0 | AR25: =O25*6% -> 0 | AS25: =ROUND(AR25*$D$1,2) -> 0 | AV25: =P25+S25+V25+Y25+AB25+AE25+AH25+AJ25 -> 0 | AW25: =AV25+AM25+AP25+AS25 -> 0
A26: 24 | P26: =ROUND(O26*$D$1,2) -> 0 | V26: =ROUND(U26*$D$1,2) -> 0 | Y26: =ROUND(X26*$D$1,2) -> 0 | AE26: =ROUND(AD26*$J$1,2) -> 0 | AJ26: =IF($O$1="SI",400,0) -> 0 | AK26: 2.1.1.9.1.3 | AL26: =IF(H26="RIMAC EPS EMPRESA PRESTADORA DE SALUD",O26*0.0675,O26*0.09) -> 0 | AM26: =ROUND(AL26*$D$1,2) -> 0 | AN26: 2.1. 3 1. 1 5 | AO26: =IF(H26="RIMAC EPS EMPRESA PRESTADORA DE SALUD",O26*0.0225,O26*0) -> 0 | AV26: =P26+S26+V26+Y26+AB26+AE26+AH26+AJ26 -> 0 | AW26: =AV26+AM26+AP26+AS26 -> 0
A27: 25 | P27: =ROUND(O27*$D$1,2) -> 0 | V27: =ROUND(U27*$D$1,2) -> 0 | Y27: =ROUND(X27*$D$1,2) -> 0 | AE27: =ROUND(AD27*$J$1,2) -> 0 | AJ27: =IF($O$1="SI",400,0) -> 0 | AK27: 2.1.1.9.1.3 | AL27: =IF(H27="RIMAC EPS EMPRESA PRESTADORA DE SALUD",O27*0.0675,O27*0.09) -> 0 | AM27: =ROUND(AL27*$D$1,2) -> 0 | AN27: 2.1. 3 1. 1 5 | AO27: =IF(H27="RIMAC EPS EMPRESA PRESTADORA DE SALUD",O27*0.0225,O27*0) -> 0 | AV27: =P27+S27+V27+Y27+AB27+AE27+AH27+AJ27 -> 0 | AW27: =AV27+AM27+AP27+AS27 -> 0
A28: 26 | P28: =ROUND(O28*$D$1,2) -> 0 | V28: =ROUND(U28*$D$1,2) -> 0 | Y28: =ROUND(X28*$D$1,2) -> 0 | AE28: =ROUND(AD28*$J$1,2) -> 0 | AJ28: =IF($O$1="SI",400,0) -> 0 | AK28: 2.1.1.9.1.3 | AL28: =IF(H28="RIMAC EPS EMPRESA PRESTADORA DE SALUD",O28*0.0675,O28*0.09) -> 0 | AM28: =ROUND(AL28*$D$1,2) -> 0 | AN28: 2.1. 3 1. 1 5 | AO28: =IF(H28="RIMAC EPS EMPRESA PRESTADORA DE SALUD",O28*0.0225,O28*0) -> 0 | AV28: =P28+S28+V28+Y28+AB28+AE28+AH28+AJ28 -> 0 | AW28: =AV28+AM28+AP28+AS28 -> 0
A29: 27 | P29: =ROUND(O29*$D$1,2) -> 0 | V29: =ROUND(U29*$D$1,2) -> 0 | Y29: =ROUND(X29*$D$1,2) -> 0 | AE29: =ROUND(AD29*$J$1,2) -> 0 | AJ29: =IF($O$1="SI",400,0) -> 0 | AK29: 2.1.1.9.1.3 | AL29: =IF(H29="RIMAC EPS EMPRESA PRESTADORA DE SALUD",O29*0.0675,O29*0.09) -> 0 | AM29: =ROUND(AL29*$D$1,2) -> 0 | AN29: 2.1. 3 1. 1 5 | AO29: =IF(H29="RIMAC EPS EMPRESA PRESTADORA DE SALUD",O29*0.0225,O29*0) -> 0 | AV29: =P29+S29+V29+Y29+AB29+AE29+AH29+AJ29 -> 0 | AW29: =AV29+AM29+AP29+AS29 -> 0
A30: 28 | P30: =ROUND(O30*$D$1,2) -> 0 | V30: =ROUND(U30*$D$1,2) -> 0 | Y30: =ROUND(X30*$D$1,2) -> 0 | AE30: =ROUND(AD30*$J$1,2) -> 0 | AJ30: =IF($O$1="SI",400,0) -> 0 | AK30: 2.1.1.9.1.3 | AL30: =IF(H30="RIMAC EPS EMPRESA PRESTADORA DE SALUD",O30*0.0675,O30*0.09) -> 0 | AM30: =ROUND(AL30*$D$1,2) -> 0 | AN30: 2.1. 3 1. 1 5 | AO30: =IF(H30="RIMAC EPS EMPRESA PRESTADORA DE SALUD",O30*0.0225,O30*0) -> 0 | AV30: =P30+S30+V30+Y30+AB30+AE30+AH30+AJ30 -> 0 | AW30: =AV30+AM30+AP30+AS30 -> 0
A31: 29 | P31: =ROUND(O31*$D$1,2) -> 0 | V31: =ROUND(U31*$D$1,2) -> 0 | Y31: =ROUND(X31*$D$1,2) -> 0 | AE31: =ROUND(AD31*$J$1,2) -> 0 | AJ31: =IF($O$1="SI",400,0) -> 0 | AK31: 2.1.1.9.1.3 | AL31: =IF(H31="RIMAC EPS EMPRESA PRESTADORA DE SALUD",O31*0.0675,O31*0.09) -> 0 | AM31: =ROUND(AL31*$D$1,2) -> 0 | AN31: 2.1. 3 1. 1 5 | AO31: =IF(H31="RIMAC EPS EMPRESA PRESTADORA DE SALUD",O31*0.0225,O31*0) -> 0 | AV31: =P31+S31+V31+Y31+AB31+AE31+AH31+AJ31 -> 0 | AW31: =AV31+AM31+AP31+AS31 -> 0
A32: 30 | P32: =ROUND(O32*$D$1,2) -> 0 | V32: =ROUND(U32*$D$1,2) -> 0 | Y32: =ROUND(X32*$D$1,2) -> 0 | AE32: =ROUND(AD32*$J$1,2) -> 0 | AJ32: =IF($O$1="SI",400,0) -> 0 | AK32: 2.1.1.9.1.3 | AL32: =IF(H32="RIMAC EPS EMPRESA PRESTADORA DE SALUD",O32*0.0675,O32*0.09) -> 0 | AM32: =ROUND(AL32*$D$1,2) -> 0 | AN32: 2.1. 3 1. 1 5 | AO32: =IF(H32="RIMAC EPS EMPRESA PRESTADORA DE SALUD",O32*0.0225,O32*0) -> 0 | AV32: =P32+S32+V32+Y32+AB32+AE32+AH32+AJ32 -> 0 | AW32: =AV32+AM32+AP32+AS32 -> 0
A33: 31 | P33: =ROUND(O33*$D$1,2) -> 0 | V33: =ROUND(U33*$D$1,2) -> 0 | Y33: =ROUND(X33*$D$1,2) -> 0 | AE33: =ROUND(AD33*$J$1,2) -> 0 | AJ33: =IF($O$1="SI",400,0) -> 0 | AK33: 2.1.1.9.1.3 | AL33: =IF(H33="RIMAC EPS EMPRESA PRESTADORA DE SALUD",O33*0.0675,O33*0.09) -> 0 | AM33: =ROUND(AL33*$D$1,2) -> 0 | AN33: 2.1. 3 1. 1 5 | AO33: =IF(H33="RIMAC EPS EMPRESA PRESTADORA DE SALUD",O33*0.0225,O33*0) -> 0 | AV33: =P33+S33+V33+Y33+AB33+AE33+AH33+AJ33 -> 0 | AW33: =AV33+AM33+AP33+AS33 -> 0
A34: 32 | P34: =ROUND(O34*$D$1,2) -> 0 | V34: =ROUND(U34*$D$1,2) -> 0 | Y34: =ROUND(X34*$D$1,2) -> 0 | AE34: =ROUND(AD34*$J$1,2) -> 0 | AJ34: =IF($O$1="SI",400,0) -> 0 | AK34: 2.1.1.9.1.3 | AL34: =IF(H34="RIMAC EPS EMPRESA PRESTADORA DE SALUD",O34*0.0675,O34*0.09) -> 0 | AM34: =ROUND(AL34*$D$1,2) -> 0 | AN34: 2.1. 3 1. 1 5 | AO34: =IF(H34="RIMAC EPS EMPRESA PRESTADORA DE SALUD",O34*0.0225,O34*0) -> 0 | AV34: =P34+S34+V34+Y34+AB34+AE34+AH34+AJ34 -> 0 | AW34: =AV34+AM34+AP34+AS34 -> 0
A35: 33 | P35: =ROUND(O35*$D$1,2) -> 0 | V35: =ROUND(U35*$D$1,2) -> 0 | Y35: =ROUND(X35*$D$1,2) -> 0 | AE35: =ROUND(AD35*$J$1,2) -> 0 | AJ35: =IF($O$1="SI",400,0) -> 0 | AK35: 2.1.1.9.1.3 | AL35: =IF(H35="RIMAC EPS EMPRESA PRESTADORA DE SALUD",O35*0.0675,O35*0.09) -> 0 | AM35: =ROUND(AL35*$D$1,2) -> 0 | AN35: 2.1. 3 1. 1 5 | AO35: =IF(H35="RIMAC EPS EMPRESA PRESTADORA DE SALUD",O35*0.0225,O35*0) -> 0 | AV35: =P35+S35+V35+Y35+AB35+AE35+AH35+AJ35 -> 0 | AW35: =AV35+AM35+AP35+AS35 -> 0
A36: 34 | P36: =ROUND(O36*$D$1,2) -> 0 | V36: =ROUND(U36*$D$1,2) -> 0 | Y36: =ROUND(X36*$D$1,2) -> 0 | AE36: =ROUND(AD36*$J$1,2) -> 0 | AJ36: =IF($O$1="SI",400,0) -> 0 | AK36: 2.1.1.9.1.3 | AL36: =IF(H36="RIMAC EPS EMPRESA PRESTADORA DE SALUD",O36*0.0675,O36*0.09) -> 0 | AM36: =ROUND(AL36*$D$1,2) -> 0 | AN36: 2.1. 3 1. 1 5 | AO36: =IF(H36="RIMAC EPS EMPRESA PRESTADORA DE SALUD",O36*0.0225,O36*0) -> 0 | AV36: =P36+S36+V36+Y36+AB36+AE36+AH36+AJ36 -> 0 | AW36: =AV36+AM36+AP36+AS36 -> 0
A37: 35 | P37: =ROUND(O37*$D$1,2) -> 0 | V37: =ROUND(U37*$D$1,2) -> 0 | Y37: =ROUND(X37*$D$1,2) -> 0 | AE37: =ROUND(AD37*$J$1,2) -> 0 | AJ37: =IF($O$1="SI",400,0) -> 0 | AK37: 2.1.1.9.1.3 | AL37: =IF(H37="RIMAC EPS EMPRESA PRESTADORA DE SALUD",O37*0.0675,O37*0.09) -> 0 | AM37: =ROUND(AL37*$D$1,2) -> 0 | AN37: 2.1. 3 1. 1 5 | AO37: =IF(H37="RIMAC EPS EMPRESA PRESTADORA DE SALUD",O37*0.0225,O37*0) -> 0 | AV37: =P37+S37+V37+Y37+AB37+AE37+AH37+AJ37 -> 0 | AW37: =AV37+AM37+AP37+AS37 -> 0
... A40: 38 | P40: =ROUND(O40*$D$1,2) -> 0 | V40: =ROUND(U40*$D$1,2) -> 0 | Y40: =ROUND(X40*$D$1,2) -> 0 | AE40: =ROUND(AD40*$J$1,2) -> 0 | AJ40: =IF($O$1="SI",400,0) -> 0 | AK40: 2.1.1.9.1.3 | AL40: =IF(H40="RIMAC EPS EMPRESA PRESTADORA DE SALUD",O40*0.0675,O40*0.09) -> 0 | AM40: =ROUND(AL40*$D$1,2) -> 0 | AN40: 2.1. 3 1. 1 5 | AO40: =IF(H40="RIMAC EPS EMPRESA PRESTADORA DE SALUD",O40*0.0225,O40*0) -> 0 | AV40: =P40+S40+V40+Y40+AB40+AE40+AH40+AJ40 -> 0 | AW40: =AV40+AM40+AP40+AS40 -> 0
A41: 39 | P41: =ROUND(O41*$D$1,2) -> 0 | V41: =ROUND(U41*$D$1,2) -> 0 | Y41: =ROUND(X41*$D$1,2) -> 0 | AE41: =ROUND(AD41*$J$1,2) -> 0 | AJ41: =IF($O$1="SI",400,0) -> 0 | AK41: 2.1.1.9.1.3 | AL41: =IF(H41="RIMAC EPS EMPRESA PRESTADORA DE SALUD",O41*0.0675,O41*0.09) -> 0 | AM41: =ROUND(AL41*$D$1,2) -> 0 | AN41: 2.1. 3 1. 1 5 | AO41: =IF(H41="RIMAC EPS EMPRESA PRESTADORA DE SALUD",O41*0.0225,O41*0) -> 0 | AP41: =ROUND(AO41*$D$1,2) -> 0 | AV41: =P41+S41+V41+Y41+AB41+AE41+AH41+AJ41 -> 0 | AW41: =AV41+AM41+AP41+AS41 -> 0
A42: 40 | P42: =ROUND(O42*$D$1,2) -> 0 | V42: =ROUND(U42*$D$1,2) -> 0 | Y42: =ROUND(X42*$D$1,2) -> 0 | AE42: =ROUND(AD42*$J$1,2) -> 0 | AJ42: =IF($O$1="SI",400,0) -> 0 | AK42: 2.1.1.9.1.3 | AL42: =IF(H42="RIMAC EPS EMPRESA PRESTADORA DE SALUD",O42*0.0675,O42*0.09) -> 0 | AM42: =ROUND(AL42*$D$1,2) -> 0 | AN42: 2.1. 3 1. 1 5 | AO42: =IF(H42="RIMAC EPS EMPRESA PRESTADORA DE SALUD",O42*0.0225,O42*0) -> 0 | AV42: =P42+S42+V42+Y42+AB42+AE42+AH42+AJ42 -> 0 | AW42: =AV42+AM42+AP42+AS42 -> 0
A43: 41 | P43: =ROUND(O43*$D$1,2) -> 0 | V43: =ROUND(U43*$D$1,2) -> 0 | Y43: =ROUND(X43*$D$1,2) -> 0 | AE43: =ROUND(AD43*$J$1,2) -> 0 | AJ43: =IF($O$1="SI",400,0) -> 0 | AK43: 2.1.1.9.1.3 | AL43: =IF(H43="RIMAC EPS EMPRESA PRESTADORA DE SALUD",O43*0.0675,O43*0.09) -> 0 | AM43: =ROUND(AL43*$D$1,2) -> 0 | AN43: 2.1. 3 1. 1 5 | AO43: =IF(H43="RIMAC EPS EMPRESA PRESTADORA DE SALUD",O43*0.0225,O43*0) -> 0 | AV43: =P43+S43+V43+Y43+AB43+AE43+AH43+AJ43 -> 0 | AW43: =AV43+AM43+AP43+AS43 -> 0
A44: 42 | P44: =ROUND(O44*$D$1,2) -> 0 | V44: =ROUND(U44*$D$1,2) -> 0 | Y44: =ROUND(X44*$D$1,2) -> 0 | AE44: =ROUND(AD44*$J$1,2) -> 0 | AJ44: =IF($O$1="SI",400,0) -> 0 | AK44: 2.1.1.9.1.3 | AL44: =IF(H44="RIMAC EPS EMPRESA PRESTADORA DE SALUD",O44*0.0675,O44*0.09) -> 0 | AM44: =ROUND(AL44*$D$1,2) -> 0 | AN44: 2.1. 3 1. 1 5 | AO44: =IF(H44="RIMAC EPS EMPRESA PRESTADORA DE SALUD",O44*0.0225,O44*0) -> 0 | AV44: =P44+S44+V44+Y44+AB44+AE44+AH44+AJ44 -> 0 | AW44: =AV44+AM44+AP44+AS44 -> 0
A45: 43 | P45: =ROUND(O45*$D$1,2) -> 0 | V45: =ROUND(U45*$D$1,2) -> 0 | Y45: =ROUND(X45*$D$1,2) -> 0 | AE45: =ROUND(AD45*$J$1,2) -> 0 | AJ45: =IF($O$1="SI",400,0) -> 0 | AK45: 2.1.1.9.1.3 | AL45: =IF(H45="RIMAC EPS EMPRESA PRESTADORA DE SALUD",O45*0.0675,O45*0.09) -> 0 | AM45: =ROUND(AL45*$D$1,2) -> 0 | AN45: 2.1. 3 1. 1 5 | AO45: =IF(H45="RIMAC EPS EMPRESA PRESTADORA DE SALUD",O45*0.0225,O45*0) -> 0 | AV45: =P45+S45+V45+Y45+AB45+AE45+AH45+AJ45 -> 0 | AW45: =AV45+AM45+AP45+AS45 -> 0
A46: 44 | P46: =ROUND(O46*$D$1,2) -> 0 | V46: =ROUND(U46*$D$1,2) -> 0 | Y46: =ROUND(X46*$D$1,2) -> 0 | AE46: =ROUND(AD46*$J$1,2) -> 0 | AJ46: =IF($O$1="SI",400,0) -> 0 | AK46: 2.1.1.9.1.3 | AL46: =IF(H46="RIMAC EPS EMPRESA PRESTADORA DE SALUD",O46*0.0675,O46*0.09) -> 0 | AM46: =ROUND(AL46*$D$1,2) -> 0 | AN46: 2.1. 3 1. 1 5 | AO46: =IF(H46="RIMAC EPS EMPRESA PRESTADORA DE SALUD",O46*0.0225,O46*0) -> 0 | AP46: =ROUND(AO46*$D$1,2) -> 0 | AV46: =P46+S46+V46+Y46+AB46+AE46+AH46+AJ46 -> 0 | AW46: =AV46+AM46+AP46+AS46 -> 0
A47: 45 | P47: =ROUND(O47*$D$1,2) -> 0 | V47: =ROUND(U47*$D$1,2) -> 0 | Y47: =ROUND(X47*$D$1,2) -> 0 | AE47: =ROUND(AD47*$J$1,2) -> 0 | AJ47: =IF($O$1="SI",400,0) -> 0 | AK47: 2.1.1.9.1.3 | AL47: =IF(H47="RIMAC EPS EMPRESA PRESTADORA DE SALUD",O47*0.0675,O47*0.09) -> 0 | AM47: =ROUND(AL47*$D$1,2) -> 0 | AN47: 2.1. 3 1. 1 5 | AO47: =IF(H47="RIMAC EPS EMPRESA PRESTADORA DE SALUD",O47*0.0225,O47*0) -> 0 | AV47: =P47+S47+V47+Y47+AB47+AE47+AH47+AJ47 -> 0 | AW47: =AV47+AM47+AP47+AS47 -> 0
A48: 46 | P48: =ROUND(O48*$D$1,2) -> 0 | V48: =ROUND(U48*$D$1,2) -> 0 | Y48: =ROUND(X48*$D$1,2) -> 0 | AE48: =ROUND(AD48*$J$1,2) -> 0 | AJ48: =IF($O$1="SI",400,0) -> 0 | AK48: 2.1.1.9.1.3 | AL48: =IF(H48="RIMAC EPS EMPRESA PRESTADORA DE SALUD",O48*0.0675,O48*0.09) -> 0 | AM48: =ROUND(AL48*$D$1,2) -> 0 | AN48: 2.1. 3 1. 1 5 | AO48: =IF(H48="RIMAC EPS EMPRESA PRESTADORA DE SALUD",O48*0.0225,O48*0) -> 0 | AV48: =P48+S48+V48+Y48+AB48+AE48+AH48+AJ48 -> 0 | AW48: =AV48+AM48+AP48+AS48 -> 0
A49: 47 | P49: =ROUND(O49*$D$1,2) -> 0 | V49: =ROUND(U49*$D$1,2) -> 0 | Y49: =ROUND(X49*$D$1,2) -> 0 | AB49: =ROUND(AA49*$D$1,2) -> 0 | AE49: =ROUND(AD49*$J$1,2) -> 0 | AJ49: =IF($O$1="SI",400,0) -> 0 | AK49: 2.1.1.9.1.3 | AL49: =IF(H49="RIMAC EPS EMPRESA PRESTADORA DE SALUD",O49*0.0675,O49*0.09) -> 0 | AM49: =ROUND(AL49*$D$1,2) -> 0 | AN49: 2.1. 3 1. 1 5 | AO49: =IF(H49="RIMAC EPS EMPRESA PRESTADORA DE SALUD",O49*0.0225,O49*0) -> 0 | AV49: =P49+S49+V49+Y49+AB49+AE49+AH49+AJ49 -> 0 | AW49: =AV49+AM49+AP49+AS49 -> 0
A50: 48 | P50: =ROUND(O50*$D$1,2) -> 0 | V50: =ROUND(U50*$D$1,2) -> 0 | Y50: =ROUND(X50*$D$1,2) -> 0 | AE50: =ROUND(AD50*$J$1,2) -> 0 | AJ50: =IF($O$1="SI",400,0) -> 0 | AK50: 2.1.1.9.1.3 | AL50: =IF(H50="RIMAC EPS EMPRESA PRESTADORA DE SALUD",O50*0.0675,O50*0.09) -> 0 | AM50: =ROUND(AL50*$D$1,2) -> 0 | AN50: 2.1. 3 1. 1 5 | AO50: =IF(H50="RIMAC EPS EMPRESA PRESTADORA DE SALUD",O50*0.0225,O50*0) -> 0 | AV50: =P50+S50+V50+Y50+AB50+AE50+AH50+AJ50 -> 0 | AW50: =AV50+AM50+AP50+AS50 -> 0
A51: 49 | P51: =ROUND(O51*$D$1,2) -> 0 | V51: =ROUND(U51*$D$1,2) -> 0 | Y51: =ROUND(X51*$D$1,2) -> 0 | AE51: =ROUND(AD51*$J$1,2) -> 0 | AJ51: =IF($O$1="SI",400,0) -> 0 | AK51: 2.1.1.9.1.3 | AL51: =IF(H51="RIMAC EPS EMPRESA PRESTADORA DE SALUD",O51*0.0675,O51*0.09) -> 0 | AM51: =ROUND(AL51*$D$1,2) -> 0 | AN51: 2.1. 3 1. 1 5 | AO51: =IF(H51="RIMAC EPS EMPRESA PRESTADORA DE SALUD",O51*0.0225,O51*0) -> 0 | AV51: =P51+S51+V51+Y51+AB51+AE51+AH51+AJ51 -> 0 | AW51: =AV51+AM51+AP51+AS51 -> 0
A52: 50 | P52: =ROUND(O52*$D$1,2) -> 0 | V52: =ROUND(U52*$D$1,2) -> 0 | Y52: =ROUND(X52*$D$1,2) -> 0 | AE52: =ROUND(AD52*$J$1,2) -> 0 | AJ52: =IF($O$1="SI",400,0) -> 0 | AK52: 2.1.1.9.1.3 | AL52: =IF(H52="RIMAC EPS EMPRESA PRESTADORA DE SALUD",O52*0.0675,O52*0.09) -> 0 | AM52: =ROUND(AL52*$D$1,2) -> 0 | AN52: 2.1. 3 1. 1 5 | AO52: =IF(H52="RIMAC EPS EMPRESA PRESTADORA DE SALUD",O52*0.0225,O52*0) -> 0 | AV52: =P52+S52+V52+Y52+AB52+AE52+AH52+AJ52 -> 0 | AW52: =AV52+AM52+AP52+AS52 -> 0
A53: 51 | P53: =ROUND(O53*$D$1,2) -> 0 | V53: =ROUND(U53*$D$1,2) -> 0 | Y53: =ROUND(X53*$D$1,2) -> 0 | AE53: =ROUND(AD53*$J$1,2) -> 0 | AJ53: =IF($O$1="SI",400,0) -> 0 | AK53: 2.1.1.9.1.3 | AL53: =IF(H53="RIMAC EPS EMPRESA PRESTADORA DE SALUD",O53*0.0675,O53*0.09) -> 0 | AM53: =ROUND(AL53*$D$1,2) -> 0 | AN53: 2.1. 3 1. 1 5 | AO53: =IF(H53="RIMAC EPS EMPRESA PRESTADORA DE SALUD",O53*0.0225,O53*0) -> 0 | AP53: =ROUND(AO53*$D$1,2) -> 0 | AV53: =P53+S53+V53+Y53+AB53+AE53+AH53+AJ53 -> 0 | AW53: =AV53+AM53+AP53+AS53 -> 0
A54: 52 | P54: =ROUND(O54*$D$1,2) -> 0 | V54: =ROUND(U54*$D$1,2) -> 0 | Y54: =ROUND(X54*$D$1,2) -> 0 | AE54: =ROUND(AD54*$J$1,2) -> 0 | AJ54: =IF($O$1="SI",400,0) -> 0 | AK54: 2.1.1.9.1.3 | AL54: =IF(H54="RIMAC EPS EMPRESA PRESTADORA DE SALUD",O54*0.0675,O54*0.09) -> 0 | AM54: =ROUND(AL54*$D$1,2) -> 0 | AN54: 2.1. 3 1. 1 5 | AO54: =IF(H54="RIMAC EPS EMPRESA PRESTADORA DE SALUD",O54*0.0225,O54*0) -> 0 | AV54: =P54+S54+V54+Y54+AB54+AE54+AH54+AJ54 -> 0 | AW54: =AV54+AM54+AP54+AS54 -> 0
A55: 53 | P55: =ROUND(O55*$D$1,2) -> 0 | V55: =ROUND(U55*$D$1,2) -> 0 | Y55: =ROUND(X55*$D$1,2) -> 0 | AE55: =ROUND(AD55*$J$1,2) -> 0 | AJ55: =IF($O$1="SI",400,0) -> 0 | AK55: 2.1.1.9.1.3 | AL55: =IF(H55="RIMAC EPS EMPRESA PRESTADORA DE SALUD",O55*0.0675,O55*0.09) -> 0 | AM55: =ROUND(AL55*$D$1,2) -> 0 | AN55: 2.1. 3 1. 1 5 | AO55: =IF(H55="RIMAC EPS EMPRESA PRESTADORA DE SALUD",O55*0.0225,O55*0) -> 0 | AV55: =P55+S55+V55+Y55+AB55+AE55+AH55+AJ55 -> 0 | AW55: =AV55+AM55+AP55+AS55 -> 0
A56: 54 | P56: =ROUND(O56*$D$1,2) -> 0 | V56: =ROUND(U56*$D$1,2) -> 0 | Y56: =ROUND(X56*$D$1,2) -> 0 | AE56: =ROUND(AD56*$J$1,2) -> 0 | AJ56: =IF($O$1="SI",400,0) -> 0 | AK56: 2.1.1.9.1.3 | AL56: =IF(H56="RIMAC EPS EMPRESA PRESTADORA DE SALUD",O56*0.0675,O56*0.09) -> 0 | AM56: =ROUND(AL56*$D$1,2) -> 0 | AN56: 2.1. 3 1. 1 5 | AO56: =IF(H56="RIMAC EPS EMPRESA PRESTADORA DE SALUD",O56*0.0225,O56*0) -> 0 | AV56: =P56+S56+V56+Y56+AB56+AE56+AH56+AJ56 -> 0 | AW56: =AV56+AM56+AP56+AS56 -> 0
A57: 55 | P57: =ROUND(O57*$D$1,2) -> 0 | V57: =ROUND(U57*$D$1,2) -> 0 | Y57: =ROUND(X57*$D$1,2) -> 0 | AE57: =ROUND(AD57*$J$1,2) -> 0 | AJ57: =IF($O$1="SI",400,0) -> 0 | AK57: 2.1.1.9.1.3 | AL57: =IF(H57="RIMAC EPS EMPRESA PRESTADORA DE SALUD",O57*0.0675,O57*0.09) -> 0 | AM57: =ROUND(AL57*$D$1,2) -> 0 | AN57: 2.1. 3 1. 1 5 | AO57: =IF(H57="RIMAC EPS EMPRESA PRESTADORA DE SALUD",O57*0.0225,O57*0) -> 0 | AV57: =P57+S57+V57+Y57+AB57+AE57+AH57+AJ57 -> 0 | AW57: =AV57+AM57+AP57+AS57 -> 0
A58: 56 | P58: =ROUND(O58*$D$1,2) -> 0 | V58: =ROUND(U58*$D$1,2) -> 0 | Y58: =ROUND(X58*$D$1,2) -> 0 | AB58: =ROUND(AA58*$D$1,2) -> 0 | AE58: =ROUND(AD58*$J$1,2) -> 0 | AJ58: =IF($O$1="SI",400,0) -> 0 | AK58: 2.1.1.9.1.3 | AL58: =IF(H58="RIMAC EPS EMPRESA PRESTADORA DE SALUD",O58*0.0675,O58*0.09) -> 0 | AM58: =ROUND(AL58*$D$1,2) -> 0 | AN58: 2.1. 3 1. 1 5 | AO58: =IF(H58="RIMAC EPS EMPRESA PRESTADORA DE SALUD",O58*0.0225,O58*0) -> 0 | AP58: =ROUND(AO58*$D$1,2) -> 0 | AV58: =P58+S58+V58+Y58+AB58+AE58+AH58+AJ58 -> 0 | AW58: =AV58+AM58+AP58+AS58 -> 0
A59: 57 | P59: =ROUND(O59*$D$1,2) -> 0 | V59: =ROUND(U59*$D$1,2) -> 0 | Y59: =ROUND(X59*$D$1,2) -> 0 | AE59: =ROUND(AD59*$J$1,2) -> 0 | AJ59: =IF($O$1="SI",400,0) -> 0 | AK59: 2.1.1.9.1.3 | AL59: =IF(H59="RIMAC EPS EMPRESA PRESTADORA DE SALUD",O59*0.0675,O59*0.09) -> 0 | AM59: =ROUND(AL59*$D$1,2) -> 0 | AN59: 2.1. 3 1. 1 5 | AO59: =IF(H59="RIMAC EPS EMPRESA PRESTADORA DE SALUD",O59*0.0225,O59*0) -> 0 | AV59: =P59+S59+V59+Y59+AB59+AE59+AH59+AJ59 -> 0 | AW59: =AV59+AM59+AP59+AS59 -> 0
A60: 58 | P60: =ROUND(O60*$D$1,2) -> 0 | V60: =ROUND(U60*$D$1,2) -> 0 | Y60: =ROUND(X60*$D$1,2) -> 0 | AE60: =ROUND(AD60*$J$1,2) -> 0 | AJ60: =IF($O$1="SI",400,0) -> 0 | AK60: 2.1.1.9.1.3 | AL60: =IF(H60="RIMAC EPS EMPRESA PRESTADORA DE SALUD",O60*0.0675,O60*0.09) -> 0 | AM60: =ROUND(AL60*$D$1,2) -> 0 | AN60: 2.1. 3 1. 1 5 | AO60: =IF(H60="RIMAC EPS EMPRESA PRESTADORA DE SALUD",O60*0.0225,O60*0) -> 0 | AV60: =P60+S60+V60+Y60+AB60+AE60+AH60+AJ60 -> 0 | AW60: =AV60+AM60+AP60+AS60 -> 0
A61: 59 | P61: =ROUND(O61*$D$1,2) -> 0 | V61: =ROUND(U61*$D$1,2) -> 0 | Y61: =ROUND(X61*$D$1,2) -> 0 | AE61: =ROUND(AD61*$J$1,2) -> 0 | AJ61: =IF($O$1="SI",400,0) -> 0 | AK61: 2.1.1.9.1.3 | AL61: =IF(H61="RIMAC EPS EMPRESA PRESTADORA DE SALUD",O61*0.0675,O61*0.09) -> 0 | AM61: =ROUND(AL61*$D$1,2) -> 0 | AN61: 2.1. 3 1. 1 5 | AO61: =IF(H61="RIMAC EPS EMPRESA PRESTADORA DE SALUD",O61*0.0225,O61*0) -> 0 | AV61: =P61+S61+V61+Y61+AB61+AE61+AH61+AJ61 -> 0 | AW61: =AV61+AM61+AP61+AS61 -> 0
A62: 60 | P62: =ROUND(O62*$D$1,2) -> 0 | V62: =ROUND(U62*$D$1,2) -> 0 | Y62: =ROUND(X62*$D$1,2) -> 0 | AE62: =ROUND(AD62*$J$1,2) -> 0 | AJ62: =IF($O$1="SI",400,0) -> 0 | AK62: 2.1.1.9.1.3 | AL62: =IF(H62="RIMAC EPS EMPRESA PRESTADORA DE SALUD",O62*0.0675,O62*0.09) -> 0 | AM62: =ROUND(AL62*$D$1,2) -> 0 | AN62: 2.1. 3 1. 1 5 | AO62: =IF(H62="RIMAC EPS EMPRESA PRESTADORA DE SALUD",O62*0.0225,O62*0) -> 0 | AV62: =P62+S62+V62+Y62+AB62+AE62+AH62+AJ62 -> 0 | AW62: =AV62+AM62+AP62+AS62 -> 0
A63: 61 | P63: =ROUND(O63*$D$1,2) -> 0 | V63: =ROUND(U63*$D$1,2) -> 0 | Y63: =ROUND(X63*$D$1,2) -> 0 | AB63: =ROUND(AA63*$D$1,2) -> 0 | AE63: =ROUND(AD63*$J$1,2) -> 0 | AJ63: =IF($O$1="SI",400,0) -> 0 | AK63: 2.1.1.9.1.3 | AL63: =IF(H63="RIMAC EPS EMPRESA PRESTADORA DE SALUD",O63*0.0675,O63*0.09) -> 0 | AM63: =ROUND(AL63*$D$1,2) -> 0 | AN63: 2.1. 3 1. 1 5 | AO63: =IF(H63="RIMAC EPS EMPRESA PRESTADORA DE SALUD",O63*0.0225,O63*0) -> 0 | AV63: =P63+S63+V63+Y63+AB63+AE63+AH63+AJ63 -> 0 | AW63: =AV63+AM63+AP63+AS63 -> 0
A64: 62 | P64: =ROUND(O64*$D$1,2) -> 0 | V64: =ROUND(U64*$D$1,2) -> 0 | Y64: =ROUND(X64*$D$1,2) -> 0 | AE64: =ROUND(AD64*$J$1,2) -> 0 | AJ64: =IF($O$1="SI",400,0) -> 0 | AK64: 2.1.1.9.1.3 | AL64: =IF(H64="RIMAC EPS EMPRESA PRESTADORA DE SALUD",O64*0.0675,O64*0.09) -> 0 | AM64: =ROUND(AL64*$D$1,2) -> 0 | AN64: 2.1. 3 1. 1 5 | AO64: =IF(H64="RIMAC EPS EMPRESA PRESTADORA DE SALUD",O64*0.0225,O64*0) -> 0 | AV64: =P64+S64+V64+Y64+AB64+AE64+AH64+AJ64 -> 0 | AW64: =AV64+AM64+AP64+AS64 -> 0
A65: 63 | P65: =ROUND(O65*$D$1,2) -> 0 | V65: =ROUND(U65*$D$1,2) -> 0 | Y65: =ROUND(X65*$D$1,2) -> 0 | AE65: =ROUND(AD65*$J$1,2) -> 0 | AJ65: =IF($O$1="SI",400,0) -> 0 | AK65: 2.1.1.9.1.3 | AL65: =IF(H65="RIMAC EPS EMPRESA PRESTADORA DE SALUD",O65*0.0675,O65*0.09) -> 0 | AM65: =ROUND(AL65*$D$1,2) -> 0 | AN65: 2.1. 3 1. 1 5 | AO65: =IF(H65="RIMAC EPS EMPRESA PRESTADORA DE SALUD",O65*0.0225,O65*0) -> 0 | AV65: =P65+S65+V65+Y65+AB65+AE65+AH65+AJ65 -> 0 | AW65: =AV65+AM65+AP65+AS65 -> 0
A66: 64 | P66: =ROUND(O66*$D$1,2) -> 0 | V66: =ROUND(U66*$D$1,2) -> 0 | Y66: =ROUND(X66*$D$1,2) -> 0 | AE66: =ROUND(AD66*$J$1,2) -> 0 | AJ66: =IF($O$1="SI",400,0) -> 0 | AK66: 2.1.1.9.1.3 | AL66: =IF(H66="RIMAC EPS EMPRESA PRESTADORA DE SALUD",O66*0.0675,O66*0.09) -> 0 | AM66: =ROUND(AL66*$D$1,2) -> 0 | AN66: 2.1. 3 1. 1 5 | AO66: =IF(H66="RIMAC EPS EMPRESA PRESTADORA DE SALUD",O66*0.0225,O66*0) -> 0 | AV66: =P66+S66+V66+Y66+AB66+AE66+AH66+AJ66 -> 0 | AW66: =AV66+AM66+AP66+AS66 -> 0
A67: 65 | P67: =ROUND(O67*$D$1,2) -> 0 | V67: =ROUND(U67*$D$1,2) -> 0 | Y67: =ROUND(X67*$D$1,2) -> 0 | AE67: =ROUND(AD67*$J$1,2) -> 0 | AJ67: =IF($O$1="SI",400,0) -> 0 | AK67: 2.1.1.9.1.3 | AL67: =IF(H67="RIMAC EPS EMPRESA PRESTADORA DE SALUD",O67*0.0675,O67*0.09) -> 0 | AM67: =ROUND(AL67*$D$1,2) -> 0 | AN67: 2.1. 3 1. 1 5 | AO67: =IF(H67="RIMAC EPS EMPRESA PRESTADORA DE SALUD",O67*0.0225,O67*0) -> 0 | AP67: =ROUND(AO67*$D$1,2) -> 0 | AV67: =P67+S67+V67+Y67+AB67+AE67+AH67+AJ67 -> 0 | AW67: =AV67+AM67+AP67+AS67 -> 0
A68: 66 | P68: =ROUND(O68*$D$1,2) -> 0 | V68: =ROUND(U68*$D$1,2) -> 0 | Y68: =ROUND(X68*$D$1,2) -> 0 | AE68: =ROUND(AD68*$J$1,2) -> 0 | AJ68: =IF($O$1="SI",400,0) -> 0 | AK68: 2.1.1.9.1.3 | AL68: =IF(H68="RIMAC EPS EMPRESA PRESTADORA DE SALUD",O68*0.0675,O68*0.09) -> 0 | AM68: =ROUND(AL68*$D$1,2) -> 0 | AN68: 2.1. 3 1. 1 5 | AO68: =IF(H68="RIMAC EPS EMPRESA PRESTADORA DE SALUD",O68*0.0225,O68*0) -> 0 | AV68: =P68+S68+V68+Y68+AB68+AE68+AH68+AJ68 -> 0 | AW68: =AV68+AM68+AP68+AS68 -> 0
A69: 67 | P69: =ROUND(O69*$D$1,2) -> 0 | V69: =ROUND(U69*$D$1,2) -> 0 | Y69: =ROUND(X69*$D$1,2) -> 0 | AE69: =ROUND(AD69*$J$1,2) -> 0 | AJ69: =IF($O$1="SI",400,0) -> 0 | AK69: 2.1.1.9.1.3 | AL69: =IF(H69="RIMAC EPS EMPRESA PRESTADORA DE SALUD",O69*0.0675,O69*0.09) -> 0 | AM69: =ROUND(AL69*$D$1,2) -> 0 | AN69: 2.1. 3 1. 1 5 | AO69: =IF(H69="RIMAC EPS EMPRESA PRESTADORA DE SALUD",O69*0.0225,O69*0) -> 0 | AV69: =P69+S69+V69+Y69+AB69+AE69+AH69+AJ69 -> 0 | AW69: =AV69+AM69+AP69+AS69 -> 0
A70: 68 | P70: =ROUND(O70*$D$1,2) -> 0 | V70: =ROUND(U70*$D$1,2) -> 0 | Y70: =ROUND(X70*$D$1,2) -> 0 | AE70: =ROUND(AD70*$J$1,2) -> 0 | AJ70: =IF($O$1="SI",400,0) -> 0 | AK70: 2.1.1.9.1.3 | AL70: =IF(H70="RIMAC EPS EMPRESA PRESTADORA DE SALUD",O70*0.0675,O70*0.09) -> 0 | AM70: =ROUND(AL70*$D$1,2) -> 0 | AN70: 2.1. 3 1. 1 5 | AO70: =IF(H70="RIMAC EPS EMPRESA PRESTADORA DE SALUD",O70*0.0225,O70*0) -> 0 | AV70: =P70+S70+V70+Y70+AB70+AE70+AH70+AJ70 -> 0 | AW70: =AV70+AM70+AP70+AS70 -> 0
A71: 69 | P71: =ROUND(O71*$D$1,2) -> 0 | V71: =ROUND(U71*$D$1,2) -> 0 | Y71: =ROUND(X71*$D$1,2) -> 0 | AE71: =ROUND(AD71*$J$1,2) -> 0 | AJ71: =IF($O$1="SI",400,0) -> 0 | AK71: 2.1.1.9.1.3 | AL71: =IF(H71="RIMAC EPS EMPRESA PRESTADORA DE SALUD",O71*0.0675,O71*0.09) -> 0 | AM71: =ROUND(AL71*$D$1,2) -> 0 | AN71: 2.1. 3 1. 1 5 | AO71: =IF(H71="RIMAC EPS EMPRESA PRESTADORA DE SALUD",O71*0.0225,O71*0) -> 0 | AV71: =P71+S71+V71+Y71+AB71+AE71+AH71+AJ71 -> 0 | AW71: =AV71+AM71+AP71+AS71 -> 0
A72: 70 | P72: =ROUND(O72*$D$1,2) -> 0 | V72: =ROUND(U72*$D$1,2) -> 0 | Y72: =ROUND(X72*$D$1,2) -> 0 | AE72: =ROUND(AD72*$J$1,2) -> 0 | AJ72: =IF($O$1="SI",400,0) -> 0 | AK72: 2.1.1.9.1.3 | AL72: =IF(H72="RIMAC EPS EMPRESA PRESTADORA DE SALUD",O72*0.0675,O72*0.09) -> 0 | AM72: =ROUND(AL72*$D$1,2) -> 0 | AN72: 2.1. 3 1. 1 5 | AO72: =IF(H72="RIMAC EPS EMPRESA PRESTADORA DE SALUD",O72*0.0225,O72*0) -> 0 | AV72: =P72+S72+V72+Y72+AB72+AE72+AH72+AJ72 -> 0 | AW72: =AV72+AM72+AP72+AS72 -> 0
A73: 71 | P73: =ROUND(O73*$D$1,2) -> 0 | V73: =ROUND(U73*$D$1,2) -> 0 | Y73: =ROUND(X73*$D$1,2) -> 0 | AE73: =ROUND(AD73*$J$1,2) -> 0 | AJ73: =IF($O$1="SI",400,0) -> 0 | AK73: 2.1.1.9.1.3 | AL73: =IF(H73="RIMAC EPS EMPRESA PRESTADORA DE SALUD",O73*0.0675,O73*0.09) -> 0 | AM73: =ROUND(AL73*$D$1,2) -> 0 | AN73: 2.1. 3 1. 1 5 | AO73: =IF(H73="RIMAC EPS EMPRESA PRESTADORA DE SALUD",O73*0.0225,O73*0) -> 0 | AP73: =ROUND(AO73*$D$1,2) -> 0 | AV73: =P73+S73+V73+Y73+AB73+AE73+AH73+AJ73 -> 0 | AW73: =AV73+AM73+AP73+AS73 -> 0
A74: 72 | P74: =ROUND(O74*$D$1,2) -> 0 | V74: =ROUND(U74*$D$1,2) -> 0 | Y74: =ROUND(X74*$D$1,2) -> 0 | AE74: =ROUND(AD74*$J$1,2) -> 0 | AJ74: =IF($O$1="SI",400,0) -> 0 | AK74: 2.1.1.9.1.3 | AL74: =IF(H74="RIMAC EPS EMPRESA PRESTADORA DE SALUD",O74*0.0675,O74*0.09) -> 0 | AM74: =ROUND(AL74*$D$1,2) -> 0 | AN74: 2.1. 3 1. 1 5 | AO74: =IF(H74="RIMAC EPS EMPRESA PRESTADORA DE SALUD",O74*0.0225,O74*0) -> 0 | AP74: =ROUND(AO74*$D$1,2) -> 0 | AV74: =P74+S74+V74+Y74+AB74+AE74+AH74+AJ74 -> 0 | AW74: =AV74+AM74+AP74+AS74 -> 0
A75: 73 | P75: =ROUND(O75*$D$1,2) -> 0 | V75: =ROUND(U75*$D$1,2) -> 0 | Y75: =ROUND(X75*$D$1,2) -> 0 | AE75: =ROUND(AD75*$J$1,2) -> 0 | AJ75: =IF($O$1="SI",400,0) -> 0 | AK75: 2.1.1.9.1.3 | AL75: =IF(H75="RIMAC EPS EMPRESA PRESTADORA DE SALUD",O75*0.0675,O75*0.09) -> 0 | AM75: =ROUND(AL75*$D$1,2) -> 0 | AN75: 2.1. 3 1. 1 5 | AO75: =IF(H75="RIMAC EPS EMPRESA PRESTADORA DE SALUD",O75*0.0225,O75*0) -> 0 | AV75: =P75+S75+V75+Y75+AB75+AE75+AH75+AJ75 -> 0 | AW75: =AV75+AM75+AP75+AS75 -> 0
A76: 74 | P76: =ROUND(O76*$D$1,2) -> 0 | V76: =ROUND(U76*$D$1,2) -> 0 | Y76: =ROUND(X76*$D$1,2) -> 0 | AE76: =ROUND(AD76*$J$1,2) -> 0 | AJ76: =IF($O$1="SI",400,0) -> 0 | AK76: 2.1.1.9.1.3 | AL76: =IF(H76="RIMAC EPS EMPRESA PRESTADORA DE SALUD",O76*0.0675,O76*0.09) -> 0 | AM76: =ROUND(AL76*$D$1,2) -> 0 | AN76: 2.1. 3 1. 1 5 | AO76: =IF(H76="RIMAC EPS EMPRESA PRESTADORA DE SALUD",O76*0.0225,O76*0) -> 0 | AV76: =P76+S76+V76+Y76+AB76+AE76+AH76+AJ76 -> 0 | AW76: =AV76+AM76+AP76+AS76 -> 0
A77: 75 | P77: =ROUND(O77*$D$1,2) -> 0 | V77: =ROUND(U77*$D$1,2) -> 0 | Y77: =ROUND(X77*$D$1,2) -> 0 | AE77: =ROUND(AD77*$J$1,2) -> 0 | AJ77: =IF($O$1="SI",400,0) -> 0 | AK77: 2.1.1.9.1.3 | AL77: =IF(H77="RIMAC EPS EMPRESA PRESTADORA DE SALUD",O77*0.0675,O77*0.09) -> 0 | AM77: =ROUND(AL77*$D$1,2) -> 0 | AN77: 2.1. 3 1. 1 5 | AO77: =IF(H77="RIMAC EPS EMPRESA PRESTADORA DE SALUD",O77*0.0225,O77*0) -> 0 | AV77: =P77+S77+V77+Y77+AB77+AE77+AH77+AJ77 -> 0 | AW77: =AV77+AM77+AP77+AS77 -> 0
A78: 76 | P78: =ROUND(O78*$D$1,2) -> 0 | V78: =ROUND(U78*$D$1,2) -> 0 | Y78: =ROUND(X78*$D$1,2) -> 0 | AE78: =ROUND(AD78*$J$1,2) -> 0 | AJ78: =IF($O$1="SI",400,0) -> 0 | AK78: 2.1.1.9.1.3 | AL78: =IF(H78="RIMAC EPS EMPRESA PRESTADORA DE SALUD",O78*0.0675,O78*0.09) -> 0 | AM78: =ROUND(AL78*$D$1,2) -> 0 | AN78: 2.1. 3 1. 1 5 | AO78: =IF(H78="RIMAC EPS EMPRESA PRESTADORA DE SALUD",O78*0.0225,O78*0) -> 0 | AV78: =P78+S78+V78+Y78+AB78+AE78+AH78+AJ78 -> 0 | AW78: =AV78+AM78+AP78+AS78 -> 0
A79: 77 | P79: =ROUND(O79*$D$1,2) -> 0 | V79: =ROUND(U79*$D$1,2) -> 0 | Y79: =ROUND(X79*$D$1,2) -> 0 | AB79: =ROUND(AA79*$D$1,2) -> 0 | AE79: =ROUND(AD79*$J$1,2) -> 0 | AJ79: =IF($O$1="SI",400,0) -> 0 | AK79: 2.1.1.9.1.3 | AL79: =IF(H79="RIMAC EPS EMPRESA PRESTADORA DE SALUD",O79*0.0675,O79*0.09) -> 0 | AM79: =ROUND(AL79*$D$1,2) -> 0 | AN79: 2.1. 3 1. 1 5 | AO79: =IF(H79="RIMAC EPS EMPRESA PRESTADORA DE SALUD",O79*0.0225,O79*0) -> 0 | AV79: =P79+S79+V79+Y79+AB79+AE79+AH79+AJ79 -> 0 | AW79: =AV79+AM79+AP79+AS79 -> 0
A80: 78 | P80: =ROUND(O80*$D$1,2) -> 0 | V80: =ROUND(U80*$D$1,2) -> 0 | Y80: =ROUND(X80*$D$1,2) -> 0 | AE80: =ROUND(AD80*$J$1,2) -> 0 | AJ80: =IF($O$1="SI",400,0) -> 0 | AK80: 2.1.1.9.1.3 | AL80: =IF(H80="RIMAC EPS EMPRESA PRESTADORA DE SALUD",O80*0.0675,O80*0.09) -> 0 | AM80: =ROUND(AL80*$D$1,2) -> 0 | AN80: 2.1. 3 1. 1 5 | AO80: =IF(H80="RIMAC EPS EMPRESA PRESTADORA DE SALUD",O80*0.0225,O80*0) -> 0 | AV80: =P80+S80+V80+Y80+AB80+AE80+AH80+AJ80 -> 0 | AW80: =AV80+AM80+AP80+AS80 -> 0
A81: 79 | P81: =ROUND(O81*$D$1,2) -> 0 | V81: =ROUND(U81*$D$1,2) -> 0 | Y81: =ROUND(X81*$D$1,2) -> 0 | AE81: =ROUND(AD81*$J$1,2) -> 0 | AJ81: =IF($O$1="SI",400,0) -> 0 | AK81: 2.1.1.9.1.3 | AL81: =IF(H81="RIMAC EPS EMPRESA PRESTADORA DE SALUD",O81*0.0675,O81*0.09) -> 0 | AM81: =ROUND(AL81*$D$1,2) -> 0 | AN81: 2.1. 3 1. 1 5 | AO81: =IF(H81="RIMAC EPS EMPRESA PRESTADORA DE SALUD",O81*0.0225,O81*0) -> 0 | AV81: =P81+S81+V81+Y81+AB81+AE81+AH81+AJ81 -> 0 | AW81: =AV81+AM81+AP81+AS81 -> 0
A82: 80 | P82: =ROUND(O82*$D$1,2) -> 0 | V82: =ROUND(U82*$D$1,2) -> 0 | Y82: =ROUND(X82*$D$1,2) -> 0 | AE82: =ROUND(AD82*$J$1,2) -> 0 | AJ82: =IF($O$1="SI",400,0) -> 0 | AK82: 2.1.1.9.1.3 | AL82: =IF(H82="RIMAC EPS EMPRESA PRESTADORA DE SALUD",O82*0.0675,O82*0.09) -> 0 | AM82: =ROUND(AL82*$D$1,2) -> 0 | AN82: 2.1. 3 1. 1 5 | AO82: =IF(H82="RIMAC EPS EMPRESA PRESTADORA DE SALUD",O82*0.0225,O82*0) -> 0 | AP82: =ROUND(AO82*$D$1,2) -> 0 | AV82: =P82+S82+V82+Y82+AB82+AE82+AH82+AJ82 -> 0 | AW82: =AV82+AM82+AP82+AS82 -> 0
A83: 81 | P83: =ROUND(O83*$D$1,2) -> 0 | V83: =ROUND(U83*$D$1,2) -> 0 | Y83: =ROUND(X83*$D$1,2) -> 0 | AE83: =ROUND(AD83*$J$1,2) -> 0 | AJ83: =IF($O$1="SI",400,0) -> 0 | AK83: 2.1.1.9.1.3 | AL83: =IF(H83="RIMAC EPS EMPRESA PRESTADORA DE SALUD",O83*0.0675,O83*0.09) -> 0 | AM83: =ROUND(AL83*$D$1,2) -> 0 | AN83: 2.1. 3 1. 1 5 | AO83: =IF(H83="RIMAC EPS EMPRESA PRESTADORA DE SALUD",O83*0.0225,O83*0) -> 0 | AV83: =P83+S83+V83+Y83+AB83+AE83+AH83+AJ83 -> 0 | AW83: =AV83+AM83+AP83+AS83 -> 0
A84: 82 | P84: =ROUND(O84*$D$1,2) -> 0 | V84: =ROUND(U84*$D$1,2) -> 0 | Y84: =ROUND(X84*$D$1,2) -> 0 | AE84: =ROUND(AD84*$J$1,2) -> 0 | AJ84: =IF($O$1="SI",400,0) -> 0 | AK84: 2.1.1.9.1.3 | AL84: =IF(H84="RIMAC EPS EMPRESA PRESTADORA DE SALUD",O84*0.0675,O84*0.09) -> 0 | AM84: =ROUND(AL84*$D$1,2) -> 0 | AN84: 2.1. 3 1. 1 5 | AO84: =IF(H84="RIMAC EPS EMPRESA PRESTADORA DE SALUD",O84*0.0225,O84*0) -> 0 | AV84: =P84+S84+V84+Y84+AB84+AE84+AH84+AJ84 -> 0 | AW84: =AV84+AM84+AP84+AS84 -> 0
A85: 83 | P85: =ROUND(O85*$D$1,2) -> 0 | V85: =ROUND(U85*$D$1,2) -> 0 | Y85: =ROUND(X85*$D$1,2) -> 0 | AE85: =ROUND(AD85*$J$1,2) -> 0 | AJ85: =IF($O$1="SI",400,0) -> 0 | AK85: 2.1.1.9.1.3 | AL85: =IF(H85="RIMAC EPS EMPRESA PRESTADORA DE SALUD",O85*0.0675,O85*0.09) -> 0 | AM85: =ROUND(AL85*$D$1,2) -> 0 | AN85: 2.1. 3 1. 1 5 | AO85: =IF(H85="RIMAC EPS EMPRESA PRESTADORA DE SALUD",O85*0.0225,O85*0) -> 0 | AP85: =ROUND(AO85*$D$1,2) -> 0 | AV85: =P85+S85+V85+Y85+AB85+AE85+AH85+AJ85 -> 0 | AW85: =AV85+AM85+AP85+AS85 -> 0
A86: 84 | P86: =ROUND(O86*$D$1,2) -> 0 | V86: =ROUND(U86*$D$1,2) -> 0 | Y86: =ROUND(X86*$D$1,2) -> 0 | AE86: =ROUND(AD86*$J$1,2) -> 0 | AJ86: =IF($O$1="SI",400,0) -> 0 | AK86: 2.1.1.9.1.3 | AL86: =IF(H86="RIMAC EPS EMPRESA PRESTADORA DE SALUD",O86*0.0675,O86*0.09) -> 0 | AM86: =ROUND(AL86*$D$1,2) -> 0 | AN86: 2.1. 3 1. 1 5 | AO86: =IF(H86="RIMAC EPS EMPRESA PRESTADORA DE SALUD",O86*0.0225,O86*0) -> 0 | AV86: =P86+S86+V86+Y86+AB86+AE86+AH86+AJ86 -> 0 | AW86: =AV86+AM86+AP86+AS86 -> 0
A87: 85 | P87: =ROUND(O87*$D$1,2) -> 0 | V87: =ROUND(U87*$D$1,2) -> 0 | Y87: =ROUND(X87*$D$1,2) -> 0 | AE87: =ROUND(AD87*$J$1,2) -> 0 | AJ87: =IF($O$1="SI",400,0) -> 0 | AK87: 2.1.1.9.1.3 | AL87: =IF(H87="RIMAC EPS EMPRESA PRESTADORA DE SALUD",O87*0.0675,O87*0.09) -> 0 | AM87: =ROUND(AL87*$D$1,2) -> 0 | AN87: 2.1. 3 1. 1 5 | AO87: =IF(H87="RIMAC EPS EMPRESA PRESTADORA DE SALUD",O87*0.0225,O87*0) -> 0 | AV87: =P87+S87+V87+Y87+AB87+AE87+AH87+AJ87 -> 0 | AW87: =AV87+AM87+AP87+AS87 -> 0
A88: 86 | P88: =ROUND(O88*$D$1,2) -> 0 | V88: =ROUND(U88*$D$1,2) -> 0 | Y88: =ROUND(X88*$D$1,2) -> 0 | AE88: =ROUND(AD88*$J$1,2) -> 0 | AJ88: =IF($O$1="SI",400,0) -> 0 | AK88: 2.1.1.9.1.3 | AL88: =IF(H88="RIMAC EPS EMPRESA PRESTADORA DE SALUD",O88*0.0675,O88*0.09) -> 0 | AM88: =ROUND(AL88*$D$1,2) -> 0 | AN88: 2.1. 3 1. 1 5 | AO88: =IF(H88="RIMAC EPS EMPRESA PRESTADORA DE SALUD",O88*0.0225,O88*0) -> 0 | AV88: =P88+S88+V88+Y88+AB88+AE88+AH88+AJ88 -> 0 | AW88: =AV88+AM88+AP88+AS88 -> 0
A89: 87 | P89: =ROUND(O89*$D$1,2) -> 0 | V89: =ROUND(U89*$D$1,2) -> 0 | Y89: =ROUND(X89*$D$1,2) -> 0 | AE89: =ROUND(AD89*$J$1,2) -> 0 | AJ89: =IF($O$1="SI",400,0) -> 0 | AK89: 2.1.1.9.1.3 | AL89: =IF(H89="RIMAC EPS EMPRESA PRESTADORA DE SALUD",O89*0.0675,O89*0.09) -> 0 | AM89: =ROUND(AL89*$D$1,2) -> 0 | AN89: 2.1. 3 1. 1 5 | AO89: =IF(H89="RIMAC EPS EMPRESA PRESTADORA DE SALUD",O89*0.0225,O89*0) -> 0 | AP89: =ROUND(AO89*$D$1,2) -> 0 | AR89: =O89*6% -> 0 | AS89: =ROUND(AR89*$D$1,2) -> 0 | AV89: =P89+S89+V89+Y89+AB89+AE89+AH89+AJ89 -> 0 | AW89: =AV89+AM89+AP89+AS89 -> 0
A90: 88 | P90: =ROUND(O90*$D$1,2) -> 0 | V90: =ROUND(U90*$D$1,2) -> 0 | Y90: =ROUND(X90*$D$1,2) -> 0 | AE90: =ROUND(AD90*$J$1,2) -> 0 | AJ90: =IF($O$1="SI",400,0) -> 0 | AK90: 2.1.1.9.1.3 | AL90: =IF(H90="RIMAC EPS EMPRESA PRESTADORA DE SALUD",O90*0.0675,O90*0.09) -> 0 | AM90: =ROUND(AL90*$D$1,2) -> 0 | AN90: 2.1. 3 1. 1 5 | AO90: =IF(H90="RIMAC EPS EMPRESA PRESTADORA DE SALUD",O90*0.0225,O90*0) -> 0 | AV90: =P90+S90+V90+Y90+AB90+AE90+AH90+AJ90 -> 0 | AW90: =AV90+AM90+AP90+AS90 -> 0
A91: 89 | P91: =ROUND(O91*$D$1,2) -> 0 | V91: =ROUND(U91*$D$1,2) -> 0 | Y91: =ROUND(X91*$D$1,2) -> 0 | AE91: =ROUND(AD91*$J$1,2) -> 0 | AJ91: =IF($O$1="SI",400,0) -> 0 | AK91: 2.1.1.9.1.3 | AL91: =IF(H91="RIMAC EPS EMPRESA PRESTADORA DE SALUD",O91*0.0675,O91*0.09) -> 0 | AM91: =ROUND(AL91*$D$1,2) -> 0 | AN91: 2.1. 3 1. 1 5 | AO91: =IF(H91="RIMAC EPS EMPRESA PRESTADORA DE SALUD",O91*0.0225,O91*0) -> 0 | AP91: =ROUND(AO91*$D$1,2) -> 0 | AV91: =P91+S91+V91+Y91+AB91+AE91+AH91+AJ91 -> 0 | AW91: =AV91+AM91+AP91+AS91 -> 0
A92: 90 | P92: =ROUND(O92*$D$1,2) -> 0 | V92: =ROUND(U92*$D$1,2) -> 0 | Y92: =ROUND(X92*$D$1,2) -> 0 | AE92: =ROUND(AD92*$J$1,2) -> 0 | AJ92: =IF($O$1="SI",400,0) -> 0 | AK92: 2.1.1.9.1.3 | AL92: =IF(H92="RIMAC EPS EMPRESA PRESTADORA DE SALUD",O92*0.0675,O92*0.09) -> 0 | AM92: =ROUND(AL92*$D$1,2) -> 0 | AN92: 2.1. 3 1. 1 5 | AO92: =IF(H92="RIMAC EPS EMPRESA PRESTADORA DE SALUD",O92*0.0225,O92*0) -> 0 | AV92: =P92+S92+V92+Y92+AB92+AE92+AH92+AJ92 -> 0 | AW92: =AV92+AM92+AP92+AS92 -> 0
A93: 91 | P93: =ROUND(O93*$D$1,2) -> 0 | V93: =ROUND(U93*$D$1,2) -> 0 | Y93: =ROUND(X93*$D$1,2) -> 0 | AE93: =ROUND(AD93*$J$1,2) -> 0 | AJ93: =IF($O$1="SI",400,0) -> 0 | AK93: 2.1.1.9.1.3 | AL93: =IF(H93="RIMAC EPS EMPRESA PRESTADORA DE SALUD",O93*0.0675,O93*0.09) -> 0 | AM93: =ROUND(AL93*$D$1,2) -> 0 | AN93: 2.1. 3 1. 1 5 | AO93: =IF(H93="RIMAC EPS EMPRESA PRESTADORA DE SALUD",O93*0.0225,O93*0) -> 0 | AV93: =P93+S93+V93+Y93+AB93+AE93+AH93+AJ93 -> 0 | AW93: =AV93+AM93+AP93+AS93 -> 0
A94: 92 | P94: =ROUND(O94*$D$1,2) -> 0 | V94: =ROUND(U94*$D$1,2) -> 0 | Y94: =ROUND(X94*$D$1,2) -> 0 | AB94: =ROUND(AA94*$D$1,2) -> 0 | AE94: =ROUND(AD94*$J$1,2) -> 0 | AJ94: =IF($O$1="SI",400,0) -> 0 | AK94: 2.1.1.9.1.3 | AL94: =IF(H94="RIMAC EPS EMPRESA PRESTADORA DE SALUD",O94*0.0675,O94*0.09) -> 0 | AM94: =ROUND(AL94*$D$1,2) -> 0 | AN94: 2.1. 3 1. 1 5 | AO94: =IF(H94="RIMAC EPS EMPRESA PRESTADORA DE SALUD",O94*0.0225,O94*0) -> 0 | AV94: =P94+S94+V94+Y94+AB94+AE94+AH94+AJ94 -> 0 | AW94: =AV94+AM94+AP94+AS94 -> 0
A95: 93 | P95: =ROUND(O95*$D$1,2) -> 0 | V95: =ROUND(U95*$D$1,2) -> 0 | Y95: =ROUND(X95*$D$1,2) -> 0 | AE95: =ROUND(AD95*$J$1,2) -> 0 | AJ95: =IF($O$1="SI",400,0) -> 0 | AK95: 2.1.1.9.1.3 | AL95: =IF(H95="RIMAC EPS EMPRESA PRESTADORA DE SALUD",O95*0.0675,O95*0.09) -> 0 | AM95: =ROUND(AL95*$D$1,2) -> 0 | AN95: 2.1. 3 1. 1 5 | AO95: =IF(H95="RIMAC EPS EMPRESA PRESTADORA DE SALUD",O95*0.0225,O95*0) -> 0 | AV95: =P95+S95+V95+Y95+AB95+AE95+AH95+AJ95 -> 0 | AW95: =AV95+AM95+AP95+AS95 -> 0
A96: 94 | P96: =ROUND(O96*$D$1,2) -> 0 | V96: =ROUND(U96*$D$1,2) -> 0 | Y96: =ROUND(X96*$D$1,2) -> 0 | AE96: =ROUND(AD96*$J$1,2) -> 0 | AJ96: =IF($O$1="SI",400,0) -> 0 | AK96: 2.1.1.9.1.3 | AL96: =IF(H96="RIMAC EPS EMPRESA PRESTADORA DE SALUD",O96*0.0675,O96*0.09) -> 0 | AM96: =ROUND(AL96*$D$1,2) -> 0 | AN96: 2.1. 3 1. 1 5 | AO96: =IF(H96="RIMAC EPS EMPRESA PRESTADORA DE SALUD",O96*0.0225,O96*0) -> 0 | AV96: =P96+S96+V96+Y96+AB96+AE96+AH96+AJ96 -> 0 | AW96: =AV96+AM96+AP96+AS96 -> 0
A97: 95 | P97: =ROUND(O97*$D$1,2) -> 0 | V97: =ROUND(U97*$D$1,2) -> 0 | Y97: =ROUND(X97*$D$1,2) -> 0 | AE97: =ROUND(AD97*$J$1,2) -> 0 | AJ97: =IF($O$1="SI",400,0) -> 0 | AK97: 2.1.1.9.1.3 | AL97: =IF(H97="RIMAC EPS EMPRESA PRESTADORA DE SALUD",O97*0.0675,O97*0.09) -> 0 | AM97: =ROUND(AL97*$D$1,2) -> 0 | AN97: 2.1. 3 1. 1 5 | AO97: =IF(H97="RIMAC EPS EMPRESA PRESTADORA DE SALUD",O97*0.0225,O97*0) -> 0 | AV97: =P97+S97+V97+Y97+AB97+AE97+AH97+AJ97 -> 0 | AW97: =AV97+AM97+AP97+AS97 -> 0
A98: 96 | P98: =ROUND(O98*$D$1,2) -> 0 | V98: =ROUND(U98*$D$1,2) -> 0 | Y98: =ROUND(X98*$D$1,2) -> 0 | AB98: =ROUND(AA98*$D$1,2) -> 0 | AE98: =ROUND(AD98*$J$1,2) -> 0 | AJ98: =IF($O$1="SI",400,0) -> 0 | AK98: 2.1.1.9.1.3 | AL98: =IF(H98="RIMAC EPS EMPRESA PRESTADORA DE SALUD",O98*0.0675,O98*0.09) -> 0 | AM98: =ROUND(AL98*$D$1,2) -> 0 | AN98: 2.1. 3 1. 1 5 | AO98: =IF(H98="RIMAC EPS EMPRESA PRESTADORA DE SALUD",O98*0.0225,O98*0) -> 0 | AP98: =ROUND(AO98*$D$1,2) -> 0 | AV98: =P98+S98+V98+Y98+AB98+AE98+AH98+AJ98 -> 0 | AW98: =AV98+AM98+AP98+AS98 -> 0
A99: 97 | P99: =ROUND(O99*$D$1,2) -> 0 | V99: =ROUND(U99*$D$1,2) -> 0 | Y99: =ROUND(X99*$D$1,2) -> 0 | AE99: =ROUND(AD99*$J$1,2) -> 0 | AJ99: =IF($O$1="SI",400,0) -> 0 | AK99: 2.1.1.9.1.3 | AL99: =IF(H99="RIMAC EPS EMPRESA PRESTADORA DE SALUD",O99*0.0675,O99*0.09) -> 0 | AM99: =ROUND(AL99*$D$1,2) -> 0 | AN99: 2.1. 3 1. 1 5 | AO99: =IF(H99="RIMAC EPS EMPRESA PRESTADORA DE SALUD",O99*0.0225,O99*0) -> 0 | AV99: =P99+S99+V99+Y99+AB99+AE99+AH99+AJ99 -> 0 | AW99: =AV99+AM99+AP99+AS99 -> 0
A100: 98 | P100: =ROUND(O100*$D$1,2) -> 0 | V100: =ROUND(U100*$D$1,2) -> 0 | Y100: =ROUND(X100*$D$1,2) -> 0 | AE100: =ROUND(AD100*$J$1,2) -> 0 | AJ100: =IF($O$1="SI",400,0) -> 0 | AK100: 2.1.1.9.1.3 | AL100: =IF(H100="RIMAC EPS EMPRESA PRESTADORA DE SALUD",O100*0.0675,O100*0.09) -> 0 | AM100: =ROUND(AL100*$D$1,2) -> 0 | AN100: 2.1. 3 1. 1 5 | AO100: =IF(H100="RIMAC EPS EMPRESA PRESTADORA DE SALUD",O100*0.0225,O100*0) -> 0 | AV100: =P100+S100+V100+Y100+AB100+AE100+AH100+AJ100 -> 0 | AW100: =AV100+AM100+AP100+AS100 -> 0
A101: 99 | P101: =ROUND(O101*$D$1,2) -> 0 | V101: =ROUND(U101*$D$1,2) -> 0 | Y101: =ROUND(X101*$D$1,2) -> 0 | AE101: =ROUND(AD101*$J$1,2) -> 0 | AJ101: =IF($O$1="SI",400,0) -> 0 | AK101: 2.1.1.9.1.3 | AL101: =IF(H101="RIMAC EPS EMPRESA PRESTADORA DE SALUD",O101*0.0675,O101*0.09) -> 0 | AM101: =ROUND(AL101*$D$1,2) -> 0 | AN101: 2.1. 3 1. 1 5 | AO101: =IF(H101="RIMAC EPS EMPRESA PRESTADORA DE SALUD",O101*0.0225,O101*0) -> 0 | AP101: =ROUND(AO101*$D$1,2) -> 0 | AV101: =P101+S101+V101+Y101+AB101+AE101+AH101+AJ101 -> 0 | AW101: =AV101+AM101+AP101+AS101 -> 0
A102: 100 | P102: =ROUND(O102*$D$1,2) -> 0 | S102: =ROUND(R102*$D$1,2) -> 0 | AE102: =ROUND(AD102*$J$1,2) -> 0 | AH102: =ROUND(AG102*$D$1,2) -> 0 | AJ102: =IF($O$1="SI",400,0) -> 0 | AK102: 2.1.1.9.1.3 | AL102: =IF(H102="RIMAC EPS EMPRESA PRESTADORA DE SALUD",O102*0.0675,O102*0.09) -> 0 | AM102: =ROUND(AL102*$D$1,2) -> 0 | AN102: 2.1. 3 1. 1 5 | AO102: =IF(H102="RIMAC EPS EMPRESA PRESTADORA DE SALUD",O102*0.0225,O102*0) -> 0 | AV102: =P102+S102+V102+Y102+AB102+AE102+AH102+AJ102 -> 0 | AW102: =AV102+AM102+AP102+AS102 -> 0
...
